id_symptoms,name_symptoms
385970025,триада Мондора
21660025,синдромы панкреатита
386820025,синдром Мириззи
21450025,синдромы патологий желудочно-кишечного тракта
386830025,синдром Бувере
394600025,синдром мальдигестии
492830025,диспепсия
400370025,синдром мочевой
23670025,синдромы патологий почек
400380025,синдром отечный
24080025,синдромы общей патологий
404280025,синдром респираторный
23460025,синдромы патологий легких
406900025,синдром шейный миофасциальный
21790025,синдромы патологий нервной системы
408530025,синдром периферический кохлеовестибулярный
469020025,синдромы патологий уха и сосцевидного отростка
411720025,улучшение слуха в шумной обстановке
22980025,синдромы патологий ЛОР-органов
414270025,антифосфолипидный синдром
423980025,синдром окулопирамидный
429540025,синдром ишемии-реперфузии
23940025,группа клинико-гематологических синдромов
430500025,синдром холестатический
24090025,другие синдромы патологии желудочно-кишечного тракта
434010025, синдром on-off
434970025,"тяжелый острый респираторный синдром, вызванный коронавирусной инфекцией"
422350025,тяжелый острый респираторный синдром
436500025, синдром внезапной сердечной смерти
197440025,синдром патологий сердца
436660025,синдром беспокойных ног
437800025,синдром Толосы—Ханта
453150025,синдром поля 9
193510025,синдром среднего отдела лобной доли
453160025,синдром поля 45
453170025,синдром поля 46
453180025,синдром поля 47
453190025,синдром поля 10
193520025,синдром переднего отдела (полюса) лобной доли
453200025,синдром поля 11
453210025,синдром поля 4
193540025,синдром предцентральной области лобной доли
453230025,синдром псевдомозжечковый
453300025,синдром Дежерина
367000025,синдром альтернирующий бульбарный
453320025,синдром вертиго-гемиплегический 
367040025,синдром альтернирующий экстрацеребральный
453330025,синдром асфигмо-гемиплегический
453340025,синдром поля 1
193550025,синдром постцентральной извилины
453350025,синдром поля 2
453360025,синдром поля 3
453370025,синдром поля 5
193560025,синдром верхней теменной дольки
453380025,синдром поля 7
453390025,синдром поля 39
193570025,синдром нижнетеменной дольки
453400025,синдром поля 40
453480025,синдром поля 22
193590025,синдром области поля Вернике
453510025,синдром поля 41
193600025,синдром извилин Гешля
453520025,синдром поля 42
453530025,синдром поля 52
453560025,синдром поля 37
193610025,синдром области височно-теменного стыка
453610025,синдром поля 21
193620025,синдром медиобазальных отделов височной доли
453620025,синдром поля 35
453710025,синдром поля 17
193430025,синдром затылочной доли
453720025,синдром поля 18
453730025,синдром поля 19
453860025,синдром поражения области перекреста кортикоспинального тракта
453850025,синдромы поражения белого вещества спинного мозга
453870025,синдром поражения вентральной половины спинного мозга
194270025,синдромы поражения спинного мозга
453880025,синдром поражения дорсальной половины спинного мозга
454610025,синдром афато-апракто-агностический
459440025,миофасциальный синдром
192750025,синдром миофасциальный лицевой
463360025,синдром клеточно-белковой диссоциации
479120025,синдроме Гудпасчера
491920025,синдром гепатобилиарный
491930025,синдром гастроэнтероколитический
21520025,синдромы патологий желудка и 12-перстной кишки
501390025,синдром легочной
501550025,синдром абдоминальный болевой
506140025,синдром бронхолегочной
506710025,суставной синдром 
400890025,синдромы патологий костно-мышечной системы
507160025,синдром «носков и перчаток»
23810025,синдромы кожных заболеваний
509800025,синдром мышечной скованности
511340025,астения старческая
21850025,синдром астенический
512170025,синдром верхней мезентериальной артерии
512300025,синдром роговичный
23550025,синдромы глазных болезней
513010025,синдром Сейфарта
513180025,синдром Бругада 1 типа
379550025,синдром Бругада
513190025,синдром Бругада 2 типа
513200025,синдром Бругада 3 типа
523360025,триада Шарко [при холангите]
523350025,симптомы холангита
526590025,синдром Золотопупова тест
110025,нераспределенные патологические признаки
527420025,тестовое заболевание 1
527400025,тестовые заболевания
8930025,синдром акинетико-ригидный
10200025,симптом Герстмана
21480025,синдром Костена
21460025,синдромы болезней полости рта
21490025,синдром Микулича
21500025,синдром Троттера
21530025,синдром Бернетта
21540025,синдром Бюрне
21550025,синдром гастро-кардиальный
21560025,синдром гипогликемический
21570025,демпинг-синдром
21580025,синдром Золлингера-Эллисона
21590025,синдром Меллори-Вейса
21600025,синдром Рейхманна
21610025,синдром «приводящей петли»
21620025,синдром энтерогенный 
21640025,синдром Ледда
21630025,синдромы кишечной непроходимости
21650025,синдром Паера
21670025,синдром Бальсера
21680025,синдром Бард-Пика
21690025,синдром Кимельстиля-Вильсона
21700025,синдром гиперфункции поджелудочной железы
21720025,синдром Абрами
21710025,синдромы цирроза печени
21730025,синдром геморрагический
21740025,синдром гепатолиенальный
21750025,синдром гепато-ренальный
21760025,синдром гепато-церебральный
21770025,синдром Дубинина-Джонсона
21780025,синдром портальной гипертензия 
21800025,синдром Авеллиса
21810025,синдром Антона-Бабинского
21820025,синдром апатический
21830025,синдром апоплексический
21840025,синдром Арана-Дюшена
21860025,синдром Бабинского-Гендрона
21870025,синдром Бабинского-Нажотта
21890025,синдром Балляра-Миллера-Дежена-Пэи
21900025,синдром Барре
21910025,синдром белково-клеточной диссоциации
21920025,синдром Бенедикта
367020025,синдром альтернирующий педункулярный
21930025,синдром Бернара-Клода-Горнера
21960025,синдром Бианки
21970025,синдром Бинсвангера
21980025,синдром Бланше
21990025,синдром Богорадовой
22020025,синдром Бриссо-Сикара
367010025,синдром альтернирующий понтинный
22030025,синдром Бристона
22050025,синдром Валленберга
22060025,синдром Валлери-Радио-Алажуанина-Гортона
22070025,синдром Вебера
22100025,синдром Вернета
22110025,синдром Вилляре
22120025,синдром Виндшейда
22130025,синдром внутреннего слухового прохода 
22150025,синдром Ганзера
481650025,синдромы патологий высшей нервной деятельности
22160025,синдром Гасперини
22170025,синдром Гийена
22180025,синдром Гийена-Сэза-де Блондэна-Вальтера
22190025,синдром гипертензионный 
22200025,синдром Горгона
22210025,синдром Давиденкова
22230025,синдром Джексона
22250025,синдром Жильберта-Балле
22260025,синдром Иглтона
22280025,синдром Клейна-Левина
22290025,синдром Клейста
22300025,синдром Кобба
22310025,синдром Колле-Сикара
22320025,синдром коматозный
22330025,синдром коммоциональный
22340025,синдром коммоционного невроза
22350025,синдром контузионный
22360025,синдром Кундрата
22370025,синдром Купера
22390025,синдром летаргический
22400025,синдром Лешке
22410025,синдром Литтля
22420025,синдром Лоуренса-Барде-Бидля
22450025,синдром Луи Бар
22470025,синдром Мажанди-Гертвига
22480025,синдром менингиальный
22490025,синдром Меньера
22500025,синдром Мильяр-Гублера
22510025,синдром Минора
22520025,синдром нейротрофический
22540025,синдром Нотнагеля
22550025,синдром Опальского
22570025,синдром полного нарушения проводимости нерва 
22580025,синдром посткоммоционный вазомоторный 
453070025,синдром посткоммоционный
22590025,синдром псевдотуморозный
22600025,синдром Пэйджа
22610025,синдром Раймон-Сестана
22620025,синдром Редера
22630025,синдром Рейно-Лериша-Лафонтена
22640025,синдром Руда
22650025,синдром Рюльфа
22660025,синдром Серейского
22670025,синдром Сикара
22700025,синдром мозжечкового намета
22710025,синдром общемозговых расстройств
22730025,синдром поражения конского хвоста
22740025,синдром поражения Гассерова узла
22770025,синдром сопорозный
22780025,синдром стриарный
22790025,синдром тенториальный
22800025,синдром фантомный
22810025,синдром Ферстера-Кеннеди 
22820025,синдром Ферстера-Штрюмпеля
22830025,синдром Фовилля
22850025,синдром Фрешельса
22860025, синдром Фридманна
22870025,синдром Фуа
22880025,синдром Хасина
22890025,триада Шарко [при рассеяном склерозе]
22900025,синдром шейный радикулярный
22920025,синдром Шильдера-Штенгля
22930025,синдром Шмидта
22950025,синдром Эйзенлора
22960025,синдром эпилептиформный
22990025,синдром Бужара-Сувра-Коста
23000025,синдром Градениго-Ланнуа
23010025,синдром Жако
23020025,синдром Симмондса 
23030025,синдром переднего решетчатого нерва
23040025,синдром поражения каменистого узла
23050025,синдром поражения коленчатого узла
23060025,синдром поражения крылонёбного узла
23070025,синдром поражения ушного узла
23080025,синдром Слудера
23090025,синдром Ханта
23100025,синдром Чарлина
469000025,синдромы патологий носа и носовых пазух
23110025,синдром Чителли
23130025,синдром Фальконера-Веделля
23120025,синдромы аномалий и уродств
23140025,синдром Фелти-Эванса
23150025,синдром Аперта
23160025,синдром Арнольда-Киари
23170025,синдром Ашар-Фуа-Мезона
23180025,синдром Боннвье-Улльриха
23190025,синдром Де Ври
23200025,синдром Грега-Свана
23210025,синдром Гроба 
23220025,синдром Гурлер-Пфаундлера
23230025,синдром Дауна
23240025,синдром Клиппель-Фейля
23250025,синдром Конради-Гюиермана
23260025,синдром Крукшанка
23270025,синдром Маркезани
23280025,синдром Нивергельда
23290025,синдром Робина 
23300025,симптом Розенберга
23310025,синдром Турнера
23340025,синдром безымянной артерии
23330025,синдромы атеросклероза артерий
23350025,синдром височной артерии
23360025,синдром Лериша
23370025,синдром подключичный
23380025,синдром позвоночной артерии
23390025,синдром сонной артерии
23410025,синдром Коста
23400025,синдромы болезней крови
23420025,синдром Племер-Винсона
23430025,синдром Рейтера
23440025,синдром Силен-Галлерштедта
23450025,синдром Эдельмана
23470025,синдром Айерсы
23480025,синдром Астматический
23490025,синдром Бреннемана
23500025,синдром Вейнгартена
23510025,синдром Гален-Гелерштедта
23520025,синдром Лефгрена
23530025,синдром Мунье-Куна
23540025,синдром среднедолевой
23560025,синдром Андогского
23570025,синдром Вернера
23580025,синдром Гунна
23590025,синдром Дежеана
23600025,синдром Дежерина-Русси
23610025,синдром Кастарана
23620025,синдром Клода 
23640025,синдром Парино
23650025,синдром Рота-Бильшовского
23660025,синдром Фогта-Коянаги
23680025,синдром Гейтц-Боера
23690025,синдром Дреслера
23700025,синдром Колка
23710025,синдром Лайтвуд-Олбрайта
23720025,синдром Лоу
23730025,синдром Мариона
23740025,синдром нефротический
23750025,синдром Фанкони-Дебре-де Тони
23760025,синдром Фронштейна
23780025,синдром Капоши
23770025,синдромы инфекционных болезней
23790025,синдром Кожевникова
23800025,синдром гипертермический
23820025,синдром Бекера-Ройтера
23830025,синдром Комеля
23840025,синдром Марторелля
23850025,синдром Ротмунда
23860025,синдром Фройда
23870025,синдром Ядассена-Левандовского
23890025,синдром Бадда-Киари
23880025,синдромы тромбофлебита
23900025,синдром Банти
23910025,синдром верхней полой вены
23920025,синдром Педжета-Шреттера
23930025,синдром посттромбофлеботический
24000025,синдром Пейтца-Ван-Дик-Иегерса-Турена
24010025,синдром Хойбтера-Гертера
26610025,синдром токсического шока
71720025,синдром Шегрена
71380025,системные поражения соединительной ткани
71740025,болезнь Бехчета
91160025,тетрада Фалло
91120025,врожденные пороки сердечной перегородки
91270025,синдром правосторонней гипоплазии сердца
91200025,врожденные пороки легочного и трехстворчатого клапанов
91350025,синдром левосторонней гипоплазии сердца
91300025,врожденные пороки аортального и митрального клапанов
174030025,синдром Вольфа-Паркинсона-Уайта
91380025,другие врожденные пороки сердца
174040025,синдром Лауна-Ганонга-Левина 
174050025,синдром слабости синусного узла
471460025,предсердные нарушения ритма сердца
174070025,синдром Морганьи-Адамса-Стокса
178080025,синдром глюкозо-галактозной мальабсорбции
187750025,синдром абстинентный
187760025,синдром амнестический
187770025,синдром психической зависимости
187780025,синдром зависимости
187790025,синдром физической зависимости
193400025,синдром лобной доли 
193390025,синдромы поражения больших полушарий мозга
193410025,синдром теменной доли 
193420025,синдром височной области
193440025,синдром правого полушария головного мозга
193450025,синдром межполушарного разобщения
193460025,синдром апаллический
193470025,синдром акинетического мутизма
193480025,синдром запертого человека
193490025,синдром вегетативного состояния
193500025,синдром задних отделов лобной доли
193530025,синдром нижней поверхности лобной доли
193580025,синдром внутритеменной борозды
193630025,синдром глубоких структур височной доли
193640025,синдром диффузного поражения височной доли
193650025,синдром поля 6
193660025,синдром поля 8
193670025,синдром поля 44
193680025,синдром расторможенно-эйфорический 
193740025,синдром паллидонигроретикулярный 
193750025,синдром Пехкранца-Бабинского-Фрелиха
193760025,синдром Лоренса-Муна-Бидля
193790025,синдром чёрного вещества
193890025,синдромы поражения среднего мозга
193810025,синдром Мийяра-Гублера-Жюбле
193820025,синдром Грене
193950025,синдромы поражения моста мозга
193830025,синдром Валленберга-Захарченко 
193840025,синдром Тапиа
193900025,синдром четверохолмный
193910025,синдром тегментальный 
193920025,синдром красного ядра
193930025,синдром альтернирующий
193990025,синдром псевдобульбарный
194130025,синдром передней серой спайки
453840025,симптомы поражения серого вещества спинного мозга
194150025,синдром бокового рога
194160025,синдром задних канатиков
194170025,синдром бокового канатика
194180025,синдром  Броун-Секара
194190025,синдром Преображенского
194200025,синдром полного поражения спинного мозга
194210025,синдром Станиловского-Танона
194220025,инвертированный синдром Броун-Секара
194230025,синдром Уллиамсона 
194280025,синдром поражения переднего рога 
194290025,синдром заднего рога
194300025,синдром экстрамедуллярного поражения 
194310025,синдром интрамедуллярного поражения
194360025,синдром Глика 
194370025,синдром Валенштейна
305030025,синдром грушевидной мышцы
326700025,синдром Аллана
375320025,"патология генетического аппарата (хромосом, генов)"
330950025,астения гиперстеническая
330960025,астения гипостеническая
330970025,астения интоксикационная
330980025,астения инфекционная
330990025,астения органическая
331010025,астения психическая
331020025,астения физическая
331040025,астения тотальная
331370025,синдром Балинта
331710025,Зудека синдром
23960025,нераспределенные синдромы
332230025,синдром Ашаффенбурга
332770025,синдром Барани
332830025,синдром Барракер-Бордаса-Руиса-Лара
332840025,синдром Барре болевой
332850025,синдром Барре дисгармонический 
332880025,синдром Баршоня-Тешендорфа
332900025,синдром Бауманна-Депери
333120025,синдром Берардинелли
333500025,синдром Биккеля-Терсби-Пелхема
335600025,синдром тромбоза пещеристого синуса
335620025,синдром Боннье
336380025,синдром Брунса
336390025,синдром Брунса-Ястровица
356390025,синдром нейротоксический
356810025,синдром нефротический врожденный
356830025,синдром нефротический семейный
367030025,синдром альтернирующий стволовой
367050025,синдром нефротический персистирующий
367060025,синдром нефротический рецидивирующий
367070025,синдром нефротический эпизодический
367080025,синдром синус-бронхиальный
308550025,патология сердца
382130025,синдром астеновегетативный 
383910025,синдром псевдоабдоминальный
392050025,синдром опиоидный абстинентный
393700025,синдром Жиля де ла Туретта
394560025,синдром мальабсорбции
396910025,синдром &laquo;сухого глаза&raquo;
396970025,синдром гемолитикоуремический
400860025,синдром интоксикации
412170025,синдром ипохондрический
412180025,синдром ипохондрический галлюцинаторно-параноидный
412190025,синдром ипохондрический паранойяльный
412200025,синдром ипохондрический парафренный
412220025,синдром ипохондрический реактивный
423370025,синдром Унтерхарншейдта 
431140025,синдром тромбоэмболический
453040025,синдром коммоционно-контузионный
453310025,синдром оптико-гемиплегический
455000025,синдром лобный
457000025,синдром Оппенгейма
465700025,синдром подкрыльцового нерва
465710025,синдром малоберцового нерва
465720025,синдром обонятельного нерва
465730025,синдром отводящего нерва
465740025,синдром подъязычного нерва
465750025,синдром зрительного нерва
465760025,синдром локтевого нерва
465770025,синдром диафрагмального нерва
465780025,синдром язычного нерва
465790025,синдром тройничного нерва
465800025,синдром срединного нерва
465810025,синдром седалищного нерва
465820025,синдром лучевого нерва
465830025,синдром запирательного нерва
465840025,синдром добавочного нерва
465850025,синдром языкоглоточного нерва
465860025,синдром возвратного нерва
465870025,синдром большеберцового нерва
465880025,синдром блуждающего нерва
465890025,синдром блокового нерва
465900025,синдром бедренного нерва
465910025,синдром медиального кожного нерва предплечья
465920025,синдром ушно-височного нерва
465930025,синдром хиазмы
465940025,синдром нижнего ягодичного нерва
465950025,синдром наружного кожного нерва бедра
465960025,синдром мышечно-кожного нерва
465970025,синдром бедренно-полового нерва
465980025,синдром большого затылочного нерва
465990025,синдром большого ушного нерва
466000025,синдром малого затылочного нерва
466010025,синдром заднего кожного нерва бедра
466020025,синдром медиального кожного нерва плеча
466060025,"синдром ""Алисы в стране чудес"""
466070025,синдром абулически-акинетический
466080025,синдром апоплектиформный
466090025,синдром псевдопаралитический
466100025,синдром псевдопаралитический алкогольный
466110025,синдром псевдопаралитический атрофический
466120025,синдром псевдопаралитический опухолевый
466130025,синдром псевдопаралитический сифилитический
466140025,синдром псевдопаралитический сосудистый
466160025,синдром аноэтический
466170025,синдром базилярной артерии
466180025,синдром варолиева моста
466190025,синдром бокового столба спинного мозга
466200025,синдром бокового рога спинного мозга
466210025,синдром артерии поясничного утолщения спинного мозга
466220025,синдром артерии сосудистого сплетения
466230025,синдром Панкоста
466240025,синдром верхней глазничной щели
466250025,синдром внутренней капсулы
466260025,синдром внутреннего лобного гиперостоза
466270025,синдром вестибулярный шейный
466280025,синдром верхнего шейного симпатического узла
466290025,синдром верхнего шейного отдела спинного мозга
466300025,синдром вентрикулярной геморрагии
466310025,синдром блока
466320025,синдром Рейхерта
466330025,синдром передней лестничной мышцы
466350025,синдром верхней мозжечковой артерии
466360025,синдром Ларюэлля
467130025,синдром звездчатого узла
467140025,синдром грудного отдела спинного мозга
468910025,синдром пятого поясничного корешка
468920025,синдром первого крестцового корешка
469270025,синдром продолговатого мозга
194350025,синдромы поражения продолговатого мозга
469280025,синдром продолговатого мозга латеральный
472240025,синдром опущения миндалин мозжечка
472270025,синдром Фара
472360025,синдром передней мозговой артерии
472390025,синдром средней мозговой артерии
472400025,синдром задней мозговой артерии
472430025,синдром задних корешков спинного мозга
472440025,синдром парамедианных артерий ствола мозга
472460025,синдром передних корешков спинного мозга
472480025,синдром поясничного утолщения спинного мозга
472500025,синдром перемежающейся хромоты
473500025,синдром Кандинского-Клерамбо
479800025,синдром кататонический
479830025,синдром кататонический люцидный
479840025,синдром кататонический онейроидный
479850025,синдром кататонический паракинетический
479870025,синдром кататонический фебрильный
479880025,синдром кататонический проскинетический
480610025,синдром алкогольной абстиненции
480700025,синдром галлюцинаторно-параноидный
480850025,синдром прогрессирующего супрануклеарного паралича
481620025,синдром депрессивно-параноидный
481630025,синдром тревожно-параноидный
481680025,синдром маниакально-парафренный
481690025,синдром маниакальный
481700025,синдром Манна
481710025,синдром аффективный
482020025,синдром ипохондрически-сенестопатический
482030025,синдром астеноипохондрический
482040025,синдром посттрепанационный
482050025,синдром псевдоневрастенический
482060025,синдром тромбоза верхнего сагиттального синуса
482070025,психосиндром органический
482080025,синдром паранойяльный
482090025,синдром передней нижней артерии мозжечка
482100025,синдром передней центральной извилины
482110025,синдром переходный
482140025,синдром амнестико-органический
482150025,синдром истерический
482320025,синдром тромбоза поперечного и сигмовидного синусов
482380025,психосиндром резидуальный
482400025,психосиндром локальный
482410025,психосиндром эндокринный
483160025,синдром гебефренический
483340025,синдром гиперкинетический
483350025,синдром деперсонализационно-дереализационный
483930025,синдром экспансивно-конфабуляторный
484000025,синдром экстрапирамидный
484670025,синдром медиального продольного пучка
484830025,синдром медиальной петли
485860025,синдром сдавления дна ромбовидной ямки
485940025,синдром червя мозжечка
486360025,синдром задней центральной извилины
507600025,астматическая триада
511130025,синдром Пеллицци
511470025,синдром Волавшека
511520025,синдром Вуда
515270025,Бека триада
517430025,Василенко гастроинтестинальный синдром
523700025,мерзебургская триада
400850025,синдромы патологий эндокринной системы
524240025,Гарднера синдром
436470025,наследственные заболевания
524250025,Гаустада синдром
524710025,Гарсена синдром
528130025,Терсона синдром
529510025,Мондора синдром
529930025,вирилизация
18700025,нарушение
6130039,пищеварение
331000025,астения периодическая
192240025,периодическая
412210025,синдром ипохондрический периодический
466150025,синдром псевдопаралитический травматический
444320025,травматический
479860025,синдром кататонический периодический
479810025,синдром кататонический вторичный
312100025,вторичный
479820025,синдром кататонический поздний
462390025,поздний
124070025,боль в эпигастральной области
1240077,группировка признаков с условием - И
2050025,рвота
2760025,метеоризм
428430025,повышение концентрации антител к кардиолипину IgМ в крови
428420025,повышение концентрации антител к кардиолипину IgG в крови
14510025,"отклонение от ноpмы,выявленные пpи иммунологических исследованиях"
190100025,тромбоз легочных вен
308890025,тромбоцитопения
361120025,перикардит
375530025,аборт ранний
443650025,образование волчаночного антикоагулянта 
443640025,образование антифосфолипидных антител
195250025,психоз
356850025,нефропатия
423000025,транзиторная ишемическая атака
18500025,инфаркт миокарда
379120025,тромбоз глубоких вен
16140025,тромбоз
198450025,артериальный тромбоз
378120025,венозный тромбоз
392060025,очаговые неврологические нарушения
54740025,кардиомиопатия
428470025,повреждение клапанов сердца
443730025,некроз кожи пальцев ног
19740025,анемии гемолитические
197530025,острое нарушение мозгового кровообращения
71500025,синдром Такаясу
45800025,мигрень
126760025,высыпания в области нижних конечностей
11900025,протеинурия
77100025,острая почечная недостаточность
18090025,артериальная гипертензия
418400025,хорея
81870025,эклампсия
378130025,преэклампсия
177920025,внутриутробная гибель плода
83580025,преждевременные роды
415450025,очень ранние преждевременные роды
411280025,синдром задержки  роста плода
429520025,повышение концентрации Р-селектин-опосредованной адгезии в крови
430140025,повышение концентрации секреторной фосфолипазы А2 типа IIА в крови
430510025,снижение концентрации токоферола в крови
6190025,боль
527070025,симпл димпл
527080025,поп ит
527440025,симптом 2
527430025,симптом 1
430440025,повышение концентрации D-димера в крови
143360025,гепатомегалия
143370025,спленомегалия
13910025,дизартрия
13970025,дисфония
47600025,гемиплегия
4500025,дисфагия
333830025,блефароптоз
354990025,миоз
15040025,энофтальм
178920025,патология сердечно-сосудистой системы
316670025,аневризма в области межпредсердной перегородки
428970025,повышение концентрации триглицеридов в крови
317490025,повышение концентрации общего холестерина в крови
505910025,снижение уровня антитромбина III в крови
427420025,понижение концентрации аполипопротеина А1 в крови
427430025,повышение концентрации аполипопротеина В в крови
427450025,повышение концентрации липопротеина (а)  в крови
429270025,снижение концентрации холестерина липопротеинов высокой плотности в крови
429280025,повышение концентрации холестерина липопротеинов низкой плотности в крови
429460025,снижение концентрации липопротеина липазы в крови
430620025,снижение концентрации мочевой кислоты в крови
485430025,декстрапозиция аорты
141450025,гипертрофия миокарда правого желудочка
476860025,стеноз легочного ствола надклапанный
476870025,стеноз легочного ствола подклапанный
1230077,группировка признаков с условием - ИЛИ
91130025,дефект межжелудочковой перегородки
476830025,стеноз легочного ствола
476850025,стеноз легочного ствола клапанный
371190025,холецистопанкреатит
429020025,снижение концентрации триглицеридов в крови
140960025,головная боль
270025,повышение температуры тела
320025,озноб
12580025,нарушение сознания
13480025,судороги
142750025,тахикардия
2030025,тошнота
74100025,миалгия
144070025,артралгия
1390025,слабость общая
5690025,брадикардия
384570025,снижение аппетита
46120025,расстройства сна
431160025,снижение концентрации интерлейкина 10 в крови
7900025,симптом Мондора
141080025,боль в животе
8860025,симптом Щеткина-Блюмберга
131140025,дискомфорт в эпигастральной области
179960025,дискомфорт в желудке
630138,Головная боль напряжения (ГБН) у взрослых
1080138,Болезнь Гентингтона
55590025,геморрагический инсульт
55480025,субарахноидальное кровоизлияние
80610025,женское бесплодие
426820025,повышение концентрации тропонина I в крови
313540025,боли внизу живота
124400025,боль в поясничной области
322720025,выделения из половых путей
12930078,матка в гипертонусе
422980025,гипертермия выше 38°С
83690025,дискоординация родовой деятельности
431860025,кровотечение из женских наружных половых органов
350025,головокружение
700025,обморок
51100078,дефанс мышц передней брюшной стенки
9980078,задержка менструации
51130078,эмбрион не визуализируется
421240025,внезапное начало
128190025,парастезия правой кисти
423240025,парестезия правой половины лица
1220077,группировка признаков
4270025,афазия
414380025,нарушение чувствительности 
12260025,слуховые галлюцинации
188110025,зрительная агнозия
188140025,слуховая агнозия
180770025,сенсорная афазия
12250025,зрительные галлюцинации
423350025,парестезия околоносовой области
423360025,парестезия ротовой области
306040025,нарушение зрения
3350025,фотопсии
3300025,диплопия
418470025,парез взора
303760025,нистагм
181040025,повышенная утомляемость
137400025,снижение слуха
312360025,головокружение системное
3760025,шум в ушах
3140025,затуманивание зрения (со слов пациента)
194010025,нарушение равновесия тела
423320025,кратковременное снижение зрения на один глаз 
423340025,гетеролатеральный гемипарез
2740025,икота
126520025,бледность лица
330025,холодный пот
47800025,расстройства вегетативной нервной системы
416190025,гемипарез
423280025,парестезия левой половины лица
142240025,нарушение двигательных функций
423250025,слабость правой кисти
423260025,слабость отдельных пальцев правой кисти
423270025,слабость правой стопы
423310025,слабость левой стопы
128020025,парастезия левой кисти
423290025,слабость левой кисти
423300025,слабость отдельных пальцев левой кисти
442200025,афазия в течении менее 24 часов
442210025,сильная головная боль в течении менее 24 часов
441980025,слабость в правой ноге в течении менее 24 часов
442070025,парестезия в левой руке в течении менее 24 часов
442080025,парестезия в правой ноге в течении менее 24 часов
442090025,парестезия в левой ноге в течении менее 24 часов
441990025,слабость в левой ноге в течении менее 24 часов
442000025,слабость в левой руке в течении менее 24 часов
442010025,слабость в правой руке в течении менее 24 часов
442060025,парестезия в правой руке в течении менее 24 часов
140790025,боль за грудиной
14960025,мышечная слабость
4960025,потливость
1710025,учащенное сердцебиение
126470025,бледность нижних конечностей
137390025,снижение систолической функции ЛЖ
137330025,застой в малом круге кровообращения
1700025,чувство нехватки воздуха
312190025,венозный застой в легких
172740025,уменьшение систолического артериального давления
137380025,диастолическая дисфункция ЛЖ
1720025,нарушения ритма сердца
5620025,бледность общая
197000025,болевой синдром при инфаркте миокарда
196980025,Резорбционный некротический синдром
196990025,ЭКГ признаки острого инфаркта миокарда
24030025,кардиогенный шок
384550025,повышение концентрации аспартатаминотрансферазы в крови
384540025,повышение концентрации аланинаминотрансферазы в крови
425910025,повышение концентрация МВ-фракция-mass креатинкиназы в крови
425540025,повышение концентрации креатинкиназы в крови
426410025,повышение концентрации миоглобина в крови
427140025,повышение концентрации лактатдегидрогеназы в крови
426830025,повышение концентрации тропонина Т в крови
430420025,повышение уровня антитромбина III в крови
427760025,повышение концентрации тропомиозина в крови 
427710025,повышение концентрации фибронектина в крови
427660025,повышение концентрации интерлейкина 8 в крови
427470025,повышение концентрации изофермента лактодегидрогеназы-1 в крови
427680025,повышение концентрации интерлейкина 1 в крови
427560025,повышение концентрации эндотелина-1 в крови
428140025,повышение концентрации эндотелиальной синтазы оксида азота в крови
427400025,увеличение концентрации кардиопротеина связывающий свободные жирные кислоты в крови 
428380025,повышение концентрации молекулы межклеточной адгезии-1 в крови
428130025,повышение концентрации растворимых форм лиганда CD40 (sCD40L) в крови
428910025,повышение концентрации гликогенфосфорилазы изофермента BB в крови
428840025,"повышение концентрации плазменного протеина-А, ассоциированный с беременностью в крови"
428610025,повышение концентрации тканевого активатора плазминогена в крови
428620025,повышение концентрации молекулы адгезии клеток сосудов 1-го типа в крови
428950025,повышение концентрации белка сывороточного амилоида А в крови 
429440025,повышение концентрации липопротеина липазы в крови
429430025,повышение концентрации кластерина в крови
429380025,повышение концентрации С-реактивного белка в крови
429840025,снижение концентрации антител против окисленных липопротеидов низкой плотности в крови
429670025,повышение концентрации супероксиддисмутаза в крови
429970025,повышение концентрации неоптерина в крови
430370025,повышение концентрации фибриногена в крови
430910025,снижение концентрации салусина-α в крови
431070025,повышение концентрации матриксной металлопротеиназы-1 в крови 
431050025,повышение концентрации остеопонтина в крови
431300025,повышение концентрации интерферона гамма-индуцированного белка 10 в крови
431490025,повышение концентрации средне-регионального проадреномедуллина в крови
431780025,повышение концентрация кардиотропина-1 в крови
431790025,повышение концентрации катестатина в крови
431740025,повышение концентрации цистатина С в крови 
6930138,Преждевременные роды
428360025,повышение концентрации sЕ-селектина в крови
428890025,снижение концентрации антигена фактора Виллебранда в крови
428960025,повышение концентрации тромбоксана А2 в крови
429490025,повышение концентрации 13-гидрокси-октадекапентаеновой кислоты в крови
430360025,повышение уровня активности фактора свертывание II в крови
428810025,повышение концентрации тромбоспондина-2 в крови
427320025,повышение концентрации интерлейкина 6 в крови
431190025,повышение концентрации фактор роста фибробластов 23 в крови
428870025,повышение концентрации плацентарного фактора роста в крови
1980138,Ишемический инсульт: злокачественный инфаркт в бассейне средней мозговой артерии
1460138,Ишемический инсульт: злокачественный инфаркт мозжечка
427520025,повышение концентрации туморнекротизирующего фактора альфа в крови
430920025,повышение концентрации тканевого ингибитора металлопротеиназы-1 в крови
430580025,повышение концентрации мочевой кислоты в крови
427380025,повышение концентрации гомоцистеина в крови
427570025,повышение концентрации асимметричного диметиларгинина в крови
430070025,повышение концентрации перекисного окисления липидов в крови
430540025,снижение концентрации аскорбиновой кислоты в крови 
430870025,повышение концентрации малонового диальдегида в крови
427540025,повышение концентрации матриксной металопротеиназы-9 в крови 
570138,Миокардиты
430840025,снижение концентрации коэнзима Q10 в крови
54090078,кожные покровы бледные
437890025,напряжение перикраниальных мышц
433500025,нарушение функций вегетативной нервной системы
313560025,гипергидроз ладоней
5110025,зевота
42510025,сонливость
186500025,гиперемия конъюнктивы
412270025,повышение АД
56480025,синдром Рейно
394800025,симптом Хвостека
408160025,настроение снижено
480370025,снижение концентрации внимания
419120025,повышение аппетита
437880025,спазм мышц шеи
3370025,фотофобия
407990025,фонофобия
437900025,осмофобия
39360025,увеличение концентрация ионов калия в крови
318860025,лейкоцитоз
432060025,повышение концентрации мочевины в крови
432070025,повышение концентрации креатинина в крови
381980025,повышение уровня СОЭ в крови
435010025,повышение концентрации общего белка в моче
432110025,повышение количества лейкоцитов в осадке мочи
436050025,увеличение числа цилиндров в осадке мочи 
436060025,увеличение числа зернистых цилиндров в осадке мочи
436070025,увеличение числа почечного эпителия в осадке мочи
436080025,увеличение числа эпителиальных цилиндров в осадке мочи
436250025,снижение концентрации хлора в крови
197570025,метаболический ацидоз
304940025,снижение абсолютного содержание эритроцитов в крови
303780025,анемия
14440025,гемоглобинурия
11860025,цилиндрурия
436240025,повышение концентрации фосфора в крови
317010025,снижение концентрация кальция общего в крови
311540025,снижение относительного содержания количества моноцитов в крови
436260025,снижение относительного содержания эозинофилов в крови
432160025,удлинение времени свертываемости крови (по Дуке)
173000025,снижение уровня гематокрита в крови
436120025,снижение концентрации натрия в крови
436130025,повышение концентрации аммиака в крови 
436140025,повышение концентрации эритроцитов в моче
436110025,повышение концентрации молекулы повреждения почек 1 в моче
428260025,повышение концентрации интерлейкина 18 в крови
436030025,дизэлектролитемия
197600025,гипокальциемия
400200025,гипермагниемия
400310025,снижение относительной плотности мочи
400390025,эритроцитурия
11880025,гематурия
383330025,азотемия
318950025,олигурия
431080025,повышение концентрации липокаина-2 в крови
436100025,повышение концентрации печеночной формы белка связывающего жирные кислоты в крови
435300025,снижение уровня бикарбоната крови
416720025,снижение скорости клубочковой фильтрации
436090025,снижение осмолярности мочи
395990025,гипергидратация
432040025,повышение концентрации общего билирубина в крови
436350025,повышение концентрации липокаина-2 в моче
436360025,повышение концентрации матриксной металлопротеиназы-9 в моче
436370025,повышение концентрация цистатина С в моче
436330025,повышение концентрации α1-микроглобулина в крови
436340025,повышение концентрации α1-микроглобулина в моче
436290025,повышение концентрации билирубина в моче
436300025,повышение концентрации креатинина в моче
436270025,повышение концентрации продуктов деградации фибриногена в крови
436280025,повышение концентрация N-ацетил-β-d-глюкозаминидазы в моча
436310025,повышение количества дисморфных эритроцитов в осадке мочи
432050025,снижение концентрации альбумина в крови
432130025,повышение концентрации альфа-2-макроглобулина в крови
436320025,повышение концентрации ретинол-связывающий белок в моче
436520025,повышение концентрации ангиотензина II в крови
427490025,повышение концентрации мозгового натрийуретического гормона в крови
429850025,повышение концентрации 8-изопростана в крови
428410025,повышение концентрации антител к миелопероксидазы IgG в крови 
430930025,повышение концентрации тканевого ингибитора металлопротеиназы-2 в крови
431770025,повышение концентрации уротензина II в крови
970138,Геморрагический инсульт у беременных
427550025,повышение концентрации предсердного натрийуретического пептида в крови
429820025,повышение концентрации антител против окисленных липопротеидов низкой плотности в крови
431710025,повышение концентрации релаксина-2 в крови
83180025,признаки внутриутробной гипоксии плода
59830025,респираторный дистресс-синдром
422610025,уменьшение размера
53100078,изменение соотношения длины бедра и окружности живота 
53110078,изменение отношения окружности головки к окружности живота
422600025,плацентарная недостаточность хроническая
53070078,изменения высоты дня матки
422650025,маловодие
422640025,преждевременное созревание плаценты
422470025,нарушение маточно-плацентарного кровотока
19870025,правожелудочковая сердечная недостаточность
427700025,снижение концентрации фибронектина в крови
158870025,гипотиреоз
56020025,церебральный атеросклероз
640138,Сирингомиелия
680138,Грипп у детей
380430025,преходящее нарушение мозгового кровообращения
423780025,инсульт гемодинамический 
44960025,болезнь Паркинсона
129400025,цианоз лица
319990025,настроение тревожное
408170025,повышенние нервно-мышечной возбудимости
382180025,боль в лобной области
407080025,боль в височной области
407090025,боль в затылочной области
198030025,изменение настроения
144410025,гипервентиляция
407710025,боль двухсторонней локализации
407070025,боль в теменной области
434230025,гиперкинез
434390025,баллизм
44970025,вторичный паркинсонизм
177830025,нарушение ходьбы
412260025,замедленность движений
434290025,миоклония
434310025,хореический гиперкинез
434320025,атетоз
434330025,торсионная дистония
149680025,персеверация
42030025,обсессивно-компульсивное расстройство
391090025,попытки суицида
394860025,психические нарушения
13000025,депрессия
407700025,тревога
305070025,повышенная раздражительность
377710025,суицидальные наклонности
4970025,похудание
14130025,кахексия
39740025,деменция при болезни Гентингтона 
419100025,снижение способности управления позой
419110025,когнитивное нарушение
418500025,припадок эпилептический
420030025,импульсивное поведение
419770025,снижение скорости саккадических движений глазных яблок
45110025,дистония
12410025,бредовые идеи
150070025,бред ревности
150200025,бред воздействия
20010025,анорексия
319710025,гипомнезия
24230026,нарушение концентрации внимания
12610025,кома
307940025,выраженная потливость
426440025,эритропсия
14140025,гипотермия
416150025,нарушение бодрствования
12590025,оглушение
12600025,сопор
4340025,нарушение функции дыхания
143190025,тахипноэ
4350025,затруднение дыхания при вдохе
4440025,затруднение дыхания при выдохе
426450025,пульс напряженный
316850025,возбуждение психомоторное
400770025,острое начало болезни
423820025,гемиплегия контралатеральная
426610025,контралатеральная гемигипестезия
426620025,контралатеральная гомонимная гемианопсия
148690025,расстройства схемы тела
188220025,анозогнозия
188230025,аутотопагнозия
193210025,гемианопсия
193700025,гемианестезия
424390025,парез спастический языка
424380025,парез спастический лица
416230025,ригидность децеребрационная
426580025,горметония
177320025,нарушение функции сердца
424140025,контралатеральный парез лица
424150025,контралатеральный парез языка
180780025,моторная афазия
426460025,мидриаз на стороне патологического очага
424130025,контрлатеральный парез руки
9880025,симптом паруса
426470025,отсутствие реакции зрачка на свет на стороне патологического очага
414660025,асимметрия лица
47620025,спастическая гемиплегия
193960025,поза Вернике-Манна
140890025,гиперемия кожи лица
18400025,дыхание Чейна-Стокса
317060025,дыхание аритмичное
13430025,гиперестезия
322480025,ригидность мышц затылка
333440025,симптом Бехтерева скуловой
179500025,анизокория
418510025,припадок эпилептический тонико-клонический
10080025,симптом Брудзинского 
10390025,симптом Кернига
46260025,поражения лицевого нерва
426730025,поражение отводящего нерва
416180025,тетрапарез
180740025,гемиатаксия
424330025,тетраплегия
426750025,гомолатеральный паралич глазодвигательного нерва
179970025,атаксия
312370025,головокружение несистемное
426690025,снижение тонуса мышц
50950025,расходящееся содружественное косоглазие
379530025,черепномозговая гипертензия
194060025,речь скандированная
416220025,отсутствие реакции зрачков на свет
317680025,парез взора вверх
426710025,межъядерная офтальмоплегия 
50940025,сходящееся содружественное косоглазие
426720025,парез жевательных мышц
424280025,гемианестезия контралатеральная
179460025,мидриаз
18340025,нарушения ритма дыхания
328210025,ангиопатия сетчатки гипертоническая
431390025,сглаженность носогубной складки
431250025,гематома головного мозга
393720025,многократная рвота
396310025,однократная рвота
321290025,шум в голове
430490025,боль в лопаточной области
195970025,боль в ноге
308760025,высокий уровень систолического артериального давления
429690025,увеличение диастолического артериального давления
140780025,боль в области шеи
142860025,боль в глазу
430550025,нарушение движение глазного яблока
2790025,слепота
367900025,скотома центральная
18300025,брадипноэ
55730025,ишемический инсульт
420100025, дисфункция вегетативной нервной системы
339280025,гемианопсия битемпоральная
376570025,абулия
430730025,парапарез нижний
128470025,гиперемия лица
179760025,симптом Бабинского
424220025,парез ноги
430700025,парез 3 пары черепно-мозговых нервов
4990025,отсутствие наступления беременности
4850025,инсомния
12620078,подкожно-жировая клетчатка развита избыточно
80450025,диспареуния
45470025,рассеянный склероз
590138,Хроническая сердечная недостаточность
20110078,нижние конечности холодные на ощупь
20130078,верхние конечности холодные на ощупь
15030025,гипотония
427870025,острая коронарная недостаточность
335770025,гломерулонефрит
431210025,внутрисосудистое воспаление при ОКС
415520025,регулярная родовая деятельность при целом плодном пузыре 
415560025,выделения из влагалища слизистые
415580025,выделения скудные кровянистые
124440025,боль во влагалище
124110025,боль в левой подвздошной области
124120025,боль в правой подвздошной области
124130025,боль в надлобковой области
414110025,несвоевременное излитие околоплодных вод 
311800025,увеличение частоты мочеиспускания
197480025,артериальная гипотензия
18070025,нарушения свертываемости крови
351290025,кровотечение маточное
378570025,кровотечение при предлежании плаценты или преждевременной отслойке плаценты
414720025,симптомы пирамидной недостаточности
413800025,снижение бодрствования
46150025,нарушения цикличности сна и бодрствования
416080025,дислокация мозга
416060025,нарушение движения конечностей
416070025,нарушение чувствительности конечности
416050025,парез конечности
416200025,гомолатеральный гемипарез
179650025,патологические рефлексы
416170025,парез взора горизонтальный 
408060025,тяжелые нарушения гемодинамики
3500025,потеря слуха
52400025,нарушения вестибулярной функции
13500025,нарушения походки и подвижности
416160025,парез отводящих нервов
414480025,нарушение координации
416950025,инфаркт в бассейне задней нижней мозжечковой артерии
416960025,инфаркт в бассейне верхней мозжечковой артерии
416970025,инфаркт в бассейне передней нижней мозжечковой артерии
416130025,сдавление ствола головного мозга
416140025,сдавление каудальных отделов желудочковой системы
430800025,снижение концентрации глутатионпероксидазы восстановленного в крови
8970138,КР 587. Почечная колика
720025,внезапная и кратковременная потеря сознания (от нескольких секунд до нескольких минут)
730025,внезапная и продолжительная потеря сознания
4260025,нарушение речи
430940025,снижение концентрации тканевого ингибитора металлопротеиназы-2 в крови
4980025,прибавка веса
5230025,алопеция
2610025,запор
416500025,гиперкератоз локтевой области
129690025,отек лица
416460025,сухость кожных покровов в локтевой области
416470025,сухость кожных покровов в области кисти
416480025,сухость кожных покровов в области голени
416490025,сухость кожных покровов в области стоп
427410025,повышение концентрации аполипопротеина А1 в крови
431010025,снижение концентрации остеокальцина в крови
431230025,повышение концентрации лептина в крови
12900025,лабильность эмоциональная
423790025,постепенное начало заболевания
529240025,клинически латентный период церебрального атеросклероза
412120025,сонливость днём
319720025,внимание снижено
529310025,период хронической артериальной окклюзии
316250025,тремор головы
457070025,амблиопия
401740025,снижение работоспособности
421990025,падение при нарушении координации
303810025,рефлексы орального автоматизма
529250025,период неспецифических клинических проявлений церебрального атеросклероза
180750025,лабиринтная атаксия
194820025,тремор пальцев рук
454530025,мнительность
13390025,нарушение кожной чувствительности
13400025,анестезия
13420025,парестезия
408450025,образование полости в спинном мозге
408890025,увеличение объема спинного мозга в поперечнике
408630025,сирингобульбия
4520025,затруднение глотания
420190025,трещина кожи
19200025,рана
180710025,мозжечковая атаксия 
13960025,нарушения голоса
46160025,апноэ во сне
90230025,гидромиелия
408590025,нарушение чёткости видения
408600025,ограничение полей зрения
408580025,ретроорбитальные боли
144080025,атрофия мышц
397920025,патология кожи
307540025,гиперкератоз
408470025,снижение температурной чувствительности
15540025,дизестезия
144020025,носовое кровотечение
180680025,мелкоточечная сыпь
304200025,петехиальные высыпания
34290025,диссеминированное внутрисосудистое свертывание [синдром дефибринации]
13190025,кровохарканье
123620025,боль в глазном яблоке
65230025,рвота кровавая 
13990025,недомогание
16300025,катаральное воспаление
17880025,геморрагия
12210025,галлюцинации
57600025,назофарингит
369420025,трахеит
431180025,снижение концентрации интерлейкина 6 в крови
36950078,кожные покровы сухие
198020025,ортостатическая гипотензия
433510025,расстройство терморегуляции
20060025,гиперсаливация
340850025,себорея
11970025,ишурия
433520025,криз вегетативный
410110025,гипосмия
4140025,аносмия
345160025,дрожание паркинсоническое
433460025,пропульсия
345110025,дрожание интенционное
433440025,постуральный тремор
13510025,походка атактическая
51150025,нарушения аккомодации
3400025,блефароспазм
433470025,латеропульсия
433480025,ретропульсия
433490025,феномен «истощаемости» 
433330025,кинезия парадоксальная
321600025,походка шаркающая
142320025,боль в спине
433290025,гемипаркинсонизм
433300025,микрография
433310025,"феномен ""застывания"""
433320025,симптом воздушной подушки
9830025,симптом «зубчатого колеса»
433420025,поза сгибательная
321680025,боль в плечевом суставе
433350025,"симптом ""свинцовой трубки"""
419780025,брадикинезия
319470025,ахейрокинез
433270025,речь монотонная
433280025,речь с наклонностью к затуханию в конце фразы
319490025,гипомимия
433230025,лицо маскообразное
433240025,урежение мигательных движений век
5810025,брадилалия
433580025,психоз дофаминовый
1330025,спутанность сознания
145560025,иллюзии
13680025,сомнолентность
420850025,парасомния
364200025,псевдогаллюцинации зрительные
433590025,психоз паранойяльный 
39750025,деменция при болезни Паркинсона
6120025,жжение
408480025,онемение 
12310025,замедленное мышление
433550025,брадифрения
12480025,нарушения степени активности памяти
13940025,агнозия
433530025,акайрия
431170025,снижение концентрации интерлейкина 1 в крови
368640025,судорога тоническая
368560025,судорога клоническая
12940025,крик
386360025,потеря сознания
6100025,мышечные подергивания
6030025,цианоз
61520025,прикусывание щеки и губ
18330025,отсутствие дыхания
149300025,чувство ранее виденного
13720025,парагевзия
12760025,страх
12840025,эйфория
417330025,ощущение сердцебиения
53570025,стенокардия
395290025,усиленная перистальтика 
129580025,сухость во рту
13450025,анормальные непроизвольные движения
123840025,боль в груди
421180025,аура сенситивная
421190025,аура сенсорная
421200025,аура эпигастральная
421140025,аура обонятельная
421150025,аура психическая
421160025,аура психосенсорная
421170025,аура речедвигательная
319690025,обонятельные галлюцинации
421210025,галлюцинации зрительные простые
421220025,галлюцинации зрительные сложные
421040025,аура
421050025,аура слуховая
19990025,нарушения аппетита
421100025,аура моторная
421110025,аура зрительная
421130025,аура кардиальная
421060025,аура вегетативная
421070025,аура вестибулярная
421080025,аура висцеральная
421090025,аура вкусовая
1600025,пенистая с кровью
198200025,мокрота
423460025,острая гипертоническая энцефалопатия
424000025,гемигипестезия
423910025,нарушение зрения на левый глаз
423920025,нарушение зрения на правый глаз
414630025,отсутствие зрения на правый глаз
414640025,отсутствие зрения на левый глаз
325450025,агнозия пространственная
423850025,брахиофациальный гемипарез
423870025,монопарез правой руки
423880025,монопарез левой руки
423800025,развитие заболевания ночью
423810025,развитие заболевания утром
13930025,алексия
4310025,дисграфия
193260025,акалькулия
424230025,паралич центральный лица
424240025,паралич центральный языка
339310025,гемианопсия гомонимная
479620025,вспоминания ложные 
12570025,конфабуляции
13950025,апраксия
330290025,апраксия ходьбы
331310025,атаксия лобная
10430025,симптом Кохановского
193220025,астазия
355910025,мутизм акинетический
424100025,парез стоп
424110025,апраксия левосторонняя
78060025,недержание мочи
194400025,рефлекс хватательный
179670025,рефлекс хоботковый
424040025,монопарез ноги
4760025,нарушение акта дефекации
424050025,снижение мотивации
179700025,рефлекс ладонно-подбородочный
179680025,рефлекс сосательный
179660025,рефлекс назолабиальный
12530025,амнезия
344300025,дизартрия псевдобульбарная
434340025,гемибаллизм
180800025,амнестическая афазия
424270025,гемианопсия верхнеквадрантная 
148890025,искажение восприятия реально существующих предметов
428030025,увеличение концентрации липопротеин-ассоциированный фосфолипазы А 2 в крови
439250025,нарушение болевой чувствительности
439260025,нарушение температурной чувствительности
434890025,нарушение поверхностной чувствительности
13410025,гипестезия
439230025,снижение поверхностных брюшных рефлексов
439240025,нарушение чувствительности по проводниковому типу
180700025,сенситивная атаксия
321890025,клонусы стоп
439270025,насильственный смех
439280025,насильственный плач
179620025,гиперрефлексия
423860025,монопарез
430710025,парапарез
10480025,симптом Лермитта
439510025,феномен Утхоффа
439470025,нарушение глубокой чувствительности
439480025,нарушение вибрационной чувствительности
400680025, императивные позывы к мочеиспусканию
2900025,выпадение полей зрения
306600025,дисменорея
439490025,снижение интеллекта
439500025,нарушение поведения
177540025,нарушение функции половой системы
5160025,эректильная дисфункция
439330025,косоглазие
439310025,титубация
439450025,парез лицевого нерва
387270025,изменение полей зрения
357000025,нистагм горизонтально-ротаторный
357110025,нистагм монокулярный
46220025,невралгия тройничного нерва
194020025,гиперметрия
194070025,асинергия
439300025,дисметрия
180730025,динамическая атаксия
194080025,статическая атаксия
344280025,дизартрия мозжечковая
434380025,адиадохокинез
194090025,мегалография
194030025,пальце-носовую пробу выполняет с мимопопаданием
321800025,коленно-пяточная проба выполняется с промахиванием
431550025,проба коленно-пяточная 
431640025,проба пальце-носовая 
438950025,повышение концентрации иммуноглобулинов класса G в ликворе
401650025,повышение ЦВД
401660025,гепато-югулярный рефлюкс
401680025,ритм галопа
13070025,дезориентация
180290025,крепитация
401710025,пульс нерегулярный
401670025,III тон сердца
401690025,смещение верхушечного толчка влево
372480025,шум сердца
198040025,периферические отеки
1400025,утомляемость
386370025,одышка
129680025,отек нижних конечностей
401640025,ночной кашель
180320025,влажные хрипы
54020078,ортопноэ
401620025,пароксизмальная ночная одышка
401630025,увеличение объема лодыжек
393670025,гипоальбуминемия
75760025,острый нефритический синдром
380700025,гиперлипидемия
6080025,отек
428940025,повышение концентрации каспазы-3 в крови
428930025,повышение концентрации каспазы-8 в крови
339190025,макрогематурия
303730025,боль при мочеиспускании
54000078,вынужденное положение больного
54050078,туловище согнуто в больную сторону
443120025,миграция камня в мочеточник
443130025,острая боль в пояснице
62650025,грыжа паховая
342540025,грыжа белой линии
62720025,грыжа бедренная
342870025,грыжа паховая прямая
342850025,грыжа паховая косая
340020025,грыжа бедренная мышечно-лакунарная
342880025,грыжа пахово-мошоночная
430240025,снижение уровня активности фактора свёртывания VII в крови
124010025,боль в области сердца
132590025,жжение области сердца
142690025,жжение за грудиной
124290025,боль в левой лопаточной области
124620025,боль в левом плече
5800025,заторможенность
345150025,дрожание ознобоподобное
393990025,выраженное беспокойство
51210025,субъективные зрительные расстройства
195590025,резкое повышение АД
397040025,сильные головные боли
11510025,общие нарушения при менструации
432170025,боли иррадируют в прямую кишку
5400025,ватные ноги
435110025,отёки кожи век
435120025,отёки лица
381880025,боль тянущая
191890025,умеренное кровотечение (до 200 мл)
191900025,сильное кровотечение (более 200 мл)
156170025,боль острая
432600025,боль внизу живота справа
432610025,боль внизу живота слева
51340078,плодное яйцо в области рубца после операции кесарево сечение
432580025,незначительное кровотечение бурого цвета
432180025,боли иррадируют в ногу
50990078,плодное яйцо в полости матки
51000078,плодное яйцо в области шейки матки
51320078,плодное яйцо в области маточной трубы
51330078,плодное яйцо в области яичника
6550008,тест на беременность положительный
51030078,анализ на бета-ХГЧ положительный
432590025,незначительное кровотечение алого цвета
2370025,диарея
51350078,свободная жидкость в брюшной полости
6560008,тест на беременность отрицательный
51040078,анализ на бета-ХГЧ отрицательный
51010078,плодное яйцо не визуализируется
436990025, кровотечение из женских наружных половых не связанное с половым актом
444100025,неспособность поддержания эрекции
444110025,эрекция недостаточна для проведения полового акта
444120025,длительность эрекции недостаточна для проведения полового акта
444130025,неспособность мужчины совершить половой акт
444020025,сложность в достижении эрекции
444090025,неспособность достижения эрекции
444140025,твёрдость полового члена недостаточна для совершения полового акта
444150025,прямота полового члена недостаточна для совершения полового акта
444230025,нарушение эрекции
444240025,отсутствие эрекции
503110025,атрофия жевательных мышц
502940025,гипотрофия жевательных мышц
3380025,слезотечение
192710025,прозопалгия
467380025,прозопоспазм
400580025,заложенность носа
404850025,ринорея
134330025,зуд лица
503060025,онемение лица
503070025,ощущение холода в области лица
416820025,ксантома
416870025,сенильная дуга
48510025,ксантелазма века
351540025,ксантоматоз
16170025,атеросклероз
388370025,облитерирующий атеросклероз сосудов нижних конечностей с синдромом перемежающейся хромоты
53560025,ишемическая болезнь сердца
21070025,наличие аортокоронарного шунтового трансплантата
21110025,наличие коронарного ангиопластичного имплантата и трансплантата
416890025,наличие стента в коронарных артериях
35880025,сахарный диабет
178290025, постинфарктный кардиосклероз
430480025,повышение концентрации токоферола в крови
444250025,панкреатит острый
124140025,боль в паховой области слева
124150025,боль в паховой области справа
384680025,дискомфорт в области грыжевого выпячивания
384700025,пальпаторное определение грыжевых ворот
6530025,симптом Караванова
384660025,жалобы на объёмное образование в паховой области увеличивающееся при нагрузке
384670025,боль в области грыжевого выпячивания
303960025,дизурия
187840025,эритема
317380025,боль в паховой области
419280025,дискомфорт в паховой области
131480025,дискомфорт левой паховой области
131490025,дискомфорт правой паховой области
385050025,объемное образование в паховой области
385000025,объемное образование на передней поверхности брюшной стенки
385010025,дискофорт в области объёмного образования
385040025,объемное образование в области бедра
397440025,боль в области паховой складки
397450025,боль ниже паховой складкой
428280025,повышение концентрации остеопротегерина в крови
428290025,повышение концентрации ростового фактора дифференцировки 15 в крови
429350025,повышение концентрации холестерина липопротеинов очень низкой плотности в крови
429810025,повышение концентрации матриксного белка содержащий g-карбоксиглутамат в крови
430150025,повышение концентрации галектина-3 в крови
430890025,повышение концентрации 8-OH-дезоксигуанозина в крови
431060025,повышение концентрации костного морфогенетического белка в крови
431310025,повышение концентрации матриксной металлопротеиназы-2 в крови
431290025,снижение концентрации адипонектина в крови
431120025,повышение концентрации эпидермального фактора роста в крови
428880025,повышение концентрации васкулоэндотелиальный фактора роста в крови
428830025,повышение концентрации фактора роста фибробластов в крови
431340025,повышение концентрации тромбоцитарного фактора роста в крови
431420025,повышение концентрации трансформирующего фактора роста-β в крови
431830025,снижение концентрации холина в крови
431750025,снижение концентрации цистатина С в крови 
316130025,давящие боли за грудиной
428020025,повышение концентрации неэтерифицированных (свободных) жирных кислот в крови 
428330025,повышение концентрации моноцитарного хемотаксического протеина-1 в крови
428920025,повышение концентрации антител к сердечной мускулатуре IgG в крови
430200025,увеличение активности фактора свёртывания VII в крови 
431330025,повышение концентрации эндоглина в крови
431480025,повышение концентрации сердечного биомаркера ST2 в крови
55280025,сердечная недостаточность
403880025,чувство тяжести за грудиной
14090025,полифагия
143720025,кожный зуд
143730025,вагинальный зуд
486370025,полиурия
14080025,полидипсия
3060025,ухудшение зрения
143750025,зуд слизистых оболочек
382170025,диастолическая дисфункция 
425690025,гипергликемия
435040025,повышение концентрации глюкозы после нагрузки через 120 минут в крови
431920025,повышение концентрации гликированного гемоглобина в крови
435030025,повышение концентрации кетоновых тел в крови
435000025,повышение концентрации кетоновых тел в моче
303890025,повышение концентрации натрия в крови
435190025,снижение концентрации калия в крови
428590025,повышение концентрации лактата в крови
435450025,повышение концентрация общего фосфолипида в крови
142090025,уменьшение концентрации тромбоцитов в крови
435350025,повышение концентрации фруктозамина в крови
435320025,повышение концентрации глюкозы в моче
435330025,повышение концентрации глюкозы после нагрузки через 60 минут в крови 
435380025,повышение концентрации аутоантител к инсулину в крови
435390025,повышение концентрации антител к глутаматдекарбоксилазе в крови
435370025,повышение концентрации АТ к β-клеткам поджелудочной железы в крови
435290025,снижение уровня рН в крови
436790025,повышение концентрация глюкозы натощак в крови
5850025,налет на языке
383820025,мышечный дефанс
124050025,боль в левом подреберье
304580025,гипертермия фебрильная
65090025,стеаторея панкреатическая
54160078,сухой язык
304570025,гипертермия субфебрильная
385990025,симтом Керте
7910025,симптом Мэйо-Робсона
386020025,симптом Воскресенского при панкреатите
425450025,понижение концентрации панкреатической амилазы в крови
425430025,повышение концентрации альфа амилазы в крови
429510025,повышение концентрации пентраксин-родственного протеина-3 в крови
431500025,повышение концентрации хромогранина А в крови
420310025,отёк в области лодыжки
434870025,повышение давления в ярёмных венах
401610025,снижение толерантности к нагрузкам
420025,усталость
142710025,отек легких
1430025,кашель
700138,Подагра
386000025,напряжение мышц в эпигастральной области
386010025,болезненность в проекции поджелудочной железы
385960025,отёк поджелудочной железы
386040025,отёк забрюшинной клетчатки
386030025,ложное отсутствие пульсации брюшного отдела аорты
